{
  "train_losses": [
    0.6267715096473694,
    0.2640613516171773,
    0.2526732434829076,
    0.20528577268123627,
    0.1925563762585322,
    0.17965439955393472,
    0.1684515525897344,
    0.15757151444753012,
    0.1569552719593048,
    0.1454452027877172,
    0.14718289176623026,
    0.14073270559310913,
    0.14123757680257162,
    0.13948462903499603,
    0.14581409096717834,
    0.1352140655120214,
    0.13703113049268723,
    0.13114904860655466,
    0.130075603723526,
    0.13301764925320944,
    0.13060936083396277,
    0.130529115597407,
    0.12580620497465134,
    0.12398102631171544,
    0.1274711067477862,
    0.12783674895763397,
    0.12366785854101181,
    0.1219729408621788,
    0.12383798509836197,
    0.12729858855406442,
    0.13055425882339478,
    0.1260812928279241,
    0.12604161103566489
  ],
  "val_losses": [
    0.40363195538520813,
    0.19190850853919983,
    0.24323610961437225,
    0.2505198121070862,
    0.17770661413669586,
    0.21829727292060852,
    0.22334402799606323,
    0.14790305495262146,
    0.14623525738716125,
    0.18847604095935822,
    0.1897544264793396,
    0.1617245227098465,
    0.13927103579044342,
    0.1396295130252838,
    0.16040417551994324,
    0.17147760093212128,
    0.15402409434318542,
    0.15601058304309845,
    0.16812337934970856,
    0.17126555740833282,
    0.15067704021930695,
    0.15105773508548737,
    0.15779389441013336,
    0.15783680975437164,
    0.15317516028881073,
    0.15281637012958527,
    0.15380027890205383,
    0.1587868481874466,
    0.16306106746196747,
    0.16368213295936584,
    0.16429276764392853,
    0.16153067350387573,
    0.15590721368789673
  ],
  "lr_history": [
    0.001,
    0.001,
    0.001,
    0.001,
    0.001,
    0.001,
    0.001,
    0.001,
    0.001,
    0.001,
    0.001,
    0.001,
    0.001,
    0.001,
    0.001,
    0.001,
    0.001,
    0.001,
    0.001,
    0.001,
    0.001,
    0.001,
    0.001,
    0.0005,
    0.0005,
    0.0005,
    0.0005,
    0.0005,
    0.0005,
    0.0005,
    0.0005,
    0.0005,
    0.0005
  ],
  "best_val_loss": 0.13927103579044342,
  "total_epochs": 33,
  "early_stopped": true,
  "timestamp": "2025-12-26T16:24:40.387887"
}