{
  "train_loss": [
    0.18845204491473824,
    0.036212989068988316,
    0.013265201350573262,
    0.006029219501513669,
    0.0035411726884920975,
    0.0028966980454809377,
    0.003032475534377922,
    0.0022997629892139533,
    0.0019199143880636903,
    0.0019030413065385236,
    0.001730952353377617,
    0.001664312741675302,
    0.0015817218920115192,
    0.0015708377054952619,
    0.001482201743396373,
    0.0014404055758348519,
    0.0014595771777276177,
    0.0013923926659279468,
    0.001451344799776976,
    0.0014116594155057355,
    0.0012584349748403821,
    0.0013765546397336906,
    0.0013320927344015548,
    0.0013137332457938535,
    0.0013060870403212611,
    0.0012386723520660067,
    0.0012581957159580152,
    0.0012714356154749531,
    0.0012709854876079693,
    0.0012712146612258066,
    0.001220598699846817,
    0.00111579281289332,
    0.00114255171451217,
    0.0011782753126887543,
    0.001173499955374741,
    0.0011461608722988016,
    0.001152254723948646,
    0.0011000541862861025,
    0.0011269437087403958,
    0.0011586295473299934,
    0.0011690860942500216,
    0.001111153381540201,
    0.0013617172229378428,
    0.0011125346596952508,
    0.0011053942403972253,
    0.0010847590317588827,
    0.0010942406334750107,
    0.0010921734273043602,
    0.0010623914916165836,
    0.0011000745160989528
  ],
  "val_loss": [
    0.01599808471898238,
    0.003124341963686877,
    0.0018613061919394466,
    0.0017852063885786468,
    0.0017163110896945,
    0.0017714283053970172,
    0.0018696363679029876,
    0.0020963070241527427,
    0.0021507806377485394,
    0.002110167251278957,
    0.0021129163085586494,
    0.0019651604945667917,
    0.0020501983429615698,
    0.00203128226308359,
    0.0020188881705204644,
    0.0019424323432354464,
    0.0017887542425240907,
    0.0017616045208544368,
    0.001705158954589731,
    0.0017222961630775696,
    0.0017450112564903167,
    0.0017500974936410785,
    0.0017131302738562226,
    0.0017143755556187695,
    0.0017229261251890825,
    0.001757790509145707,
    0.0017617730773054063,
    0.001748207975955059,
    0.0017338180720495682,
    0.0017345146237251659,
    0.0017106153019186524,
    0.0017038157416714563,
    0.001702392616102265,
    0.0017033747733674115,
    0.0017097900983774,
    0.0017031520191166136,
    0.001709294401937061,
    0.0017162439309888417,
    0.0017007693208547102,
    0.001699944052638279,
    0.001698903467816611,
    0.0017086454576605724,
    0.0017044720524508092,
    0.0017052291206912035,
    0.001713414456591838,
    0.0017094915318820211,
    0.0017068275936051374,
    0.0017055842650329901,
    0.0017004052319356964,
    0.0017035396239306363
  ],
  "lr": [
    0.001,
    0.001,
    0.001,
    0.001,
    0.001,
    0.001,
    0.001,
    0.001,
    0.001,
    0.001,
    0.001,
    0.001,
    0.001,
    0.001,
    0.001,
    0.0005,
    0.0005,
    0.0005,
    0.0005,
    0.0005,
    0.0005,
    0.0005,
    0.0005,
    0.0005,
    0.0005,
    0.0005,
    0.0005,
    0.0005,
    0.0005,
    0.00025,
    0.00025,
    0.00025,
    0.00025,
    0.00025,
    0.00025,
    0.00025,
    0.00025,
    0.00025,
    0.00025,
    0.00025,
    0.00025,
    0.00025,
    0.00025,
    0.00025,
    0.00025,
    0.00025,
    0.00025,
    0.00025,
    0.00025,
    0.00025
  ]
}