{
  "train_loss": [
    0.15818653389629478,
    0.041407045685600025,
    0.02082681531057308,
    0.011194328727106358,
    0.009482150107466114,
    0.008803706596659116,
    0.0080268852555731,
    0.007642508827370915,
    0.007443491200449995,
    0.007430456812781189,
    0.0074124716573360705,
    0.007292269795716953,
    0.007191843952964114,
    0.0071839606340643,
    0.007022369574969976,
    0.0069418711617042885,
    0.006897634769713484,
    0.007021737887961286,
    0.007014940403414854,
    0.006913888828916699,
    0.0068977831116833616,
    0.005896733732435716,
    0.00610480877533425,
    0.006121268577184561,
    0.006159883665398777,
    0.006051623897974819,
    0.006049986863687609,
    0.006101855380788939,
    0.006091486782901783,
    0.0060656705958993026,
    0.006082540667285886,
    0.006170386380238059,
    0.0061071392077217965,
    0.006144036208953949,
    0.00595822748622449,
    0.006045512432463298,
    0.006042414528511166,
    0.00594986997947851,
    0.006029403919636891,
    0.006059644220439135,
    0.006009174806649357,
    0.00596202096948969,
    0.00582449410247241,
    0.00593403983295588,
    0.012274069366992872,
    0.008213625463411653,
    0.0059596425276672235,
    0.006080375877038346,
    0.006065079607524589,
    0.006112950078713956
  ],
  "val_loss": [
    0.022830027466018993,
    0.012426381620268026,
    0.011117569584813383,
    0.011940387853731712,
    0.011502988481273254,
    0.011515795046256648,
    0.01090537632505099,
    0.010572226511107551,
    0.010498209183828698,
    0.01060876441705558,
    0.010793020276145803,
    0.010660802272872793,
    0.010817209310415719,
    0.01082144429286321,
    0.010654422144095102,
    0.010837724794530205,
    0.010825601251175007,
    0.010626651708864503,
    0.010730461372683445,
    0.01075358342172371,
    0.01061187700058023,
    0.01014487843753563,
    0.010145990126248863,
    0.010127305260135068,
    0.010162209212366078,
    0.010160770060287582,
    0.010184103467812141,
    0.010115830175992515,
    0.010100910233126746,
    0.01007522502914071,
    0.010121346917003393,
    0.010120630936904086,
    0.010098452628072765,
    0.010063509663773907,
    0.01008044219472342,
    0.010044789045221277,
    0.010063839041524462,
    0.009995820466428995,
    0.010059073981311586,
    0.010024602473196056,
    0.010054025333374739,
    0.010079849925306108,
    0.010103678796440363,
    0.01016280505185326,
    0.010305703048490815,
    0.057926927900148764,
    0.013945634787281355,
    0.012731881191333136,
    0.013471713600059351,
    0.01602734863344166
  ],
  "lr": [
    0.001,
    0.001,
    0.001,
    0.001,
    0.001,
    0.001,
    0.001,
    0.001,
    0.001,
    0.001,
    0.001,
    0.001,
    0.001,
    0.001,
    0.001,
    0.001,
    0.001,
    0.001,
    0.001,
    0.0005,
    0.0005,
    0.0005,
    0.0005,
    0.0005,
    0.0005,
    0.0005,
    0.0005,
    0.0005,
    0.0005,
    0.0005,
    0.0005,
    0.0005,
    0.0005,
    0.0005,
    0.0005,
    0.0005,
    0.0005,
    0.0005,
    0.0005,
    0.0005,
    0.0005,
    0.0005,
    0.0005,
    0.0005,
    0.0005,
    0.0005,
    0.0005,
    0.0005,
    0.00025,
    0.00025
  ]
}