{
  "train_loss": [
    0.1569218577306724,
    0.04197421363094923,
    0.01625987871779197,
    0.008387755895160255,
    0.005150896443434411,
    0.005000771080220141,
    0.0041961152412088336,
    0.0041900939303230866,
    0.0036614052041142814,
    0.003697011320742845,
    0.0037076681215205535,
    0.003304172242239092,
    0.003367155692808291,
    0.003160226108412052,
    0.003476508286818992,
    0.00301037370560473,
    0.0030001616739321756,
    0.002825323310249971,
    0.00279412706289928,
    0.002728664516154384,
    0.0028671740178818476,
    0.0027046962421758015,
    0.0027595607606112228,
    0.00270686289506849,
    0.0026638106512877745,
    0.0027272168540413673,
    0.002663227974926406,
    0.0029239193788269634,
    0.002700263699337866,
    0.0028005044900830086,
    0.002706571503251427,
    0.0026368888104773315,
    0.002809367872397521,
    0.0030158693897318466,
    0.0027495472680575768,
    0.0026587135504677656,
    0.002608938571748309,
    0.002590592456477683,
    0.0026309993508130468,
    0.0025168827053868126,
    0.0025510627834896766,
    0.002538418852403942,
    0.0024840783516357915,
    0.002406157522314402,
    0.0024157897366071037,
    0.0024585363863078294,
    0.002430082250054906,
    0.0024593075181489218,
    0.0024607782959157882,
    0.002419133397570143
  ],
  "val_loss": [
    0.010295226342148252,
    0.002191093388117022,
    0.002442690310999751,
    0.0014099667702491085,
    0.0015843793387628263,
    0.0014527789575772153,
    0.0018127255607396364,
    0.0017401053208029931,
    0.0016508912796982462,
    0.0016254063230007887,
    0.0015787041306288706,
    0.0017004373690320386,
    0.0016340424643001622,
    0.0016118937378956212,
    0.0014866830703491967,
    0.001657826644885871,
    0.0014830480277952221,
    0.0014345780040861832,
    0.001464413996371958,
    0.0013448951843505104,
    0.0013474090568100412,
    0.0013769144166467919,
    0.0013891562767740753,
    0.001339904226673146,
    0.0013995662900722688,
    0.0014146727820237477,
    0.0013009990927659804,
    0.0013202706403616401,
    0.001394291059114039,
    0.0013278433276961248,
    0.0012719660816300246,
    0.001342800756295522,
    0.0013433147946165667,
    0.0014333055070084003,
    0.0013640002062958148,
    0.0013638682171909346,
    0.0013202524795714351,
    0.001357967292682992,
    0.00135822048307293,
    0.0012926638203983505,
    0.0013228969182819128,
    0.0014037423534318805,
    0.0011666372948740092,
    0.0012044133101072577,
    0.0011749937936353187,
    0.0011887248902995554,
    0.00119631578369687,
    0.0011991134249708718,
    0.0011994903195752865,
    0.0011942850089528495
  ],
  "lr": [
    0.001,
    0.001,
    0.001,
    0.001,
    0.001,
    0.001,
    0.001,
    0.001,
    0.001,
    0.001,
    0.001,
    0.001,
    0.001,
    0.001,
    0.0005,
    0.0005,
    0.0005,
    0.0005,
    0.0005,
    0.0005,
    0.0005,
    0.0005,
    0.0005,
    0.0005,
    0.0005,
    0.0005,
    0.0005,
    0.0005,
    0.0005,
    0.0005,
    0.0005,
    0.0005,
    0.0005,
    0.0005,
    0.0005,
    0.0005,
    0.0005,
    0.0005,
    0.0005,
    0.0005,
    0.0005,
    0.00025,
    0.00025,
    0.00025,
    0.00025,
    0.00025,
    0.00025,
    0.00025,
    0.00025,
    0.00025
  ]
}