{
  "train_loss": [
    0.1494548393585711,
    0.03054310846911259,
    0.011504950661725815,
    0.005570150703763878,
    0.0042371928145748155,
    0.003360535669909306,
    0.002925712277179821,
    0.002945107900347385,
    0.0024600382796756883,
    0.002369066137970014,
    0.002266160981245274,
    0.0022102625062120317,
    0.002225047078172158,
    0.0019544607863792368,
    0.0020581861701103195,
    0.001924768948430166,
    0.0017519617976578534,
    0.001712901228437457,
    0.0019186854583534687,
    0.0017324640248198367,
    0.0017024661636997477,
    0.001660071618946019,
    0.0017286654542253903,
    0.001634754240512848,
    0.0016805888275513473,
    0.0016340510383326347,
    0.0016094117895106787,
    0.0016385221506028482,
    0.0015976664920647938,
    0.0016304343145659248,
    0.0015569835914263134,
    0.0015076499750892945,
    0.0015533798021535807,
    0.0015318359867596502,
    0.0015534120815014548,
    0.0015472060826852475,
    0.0015368981134100943,
    0.001470075985237982,
    0.0014699438544572127,
    0.0015143787530600297,
    0.0014115960888213513,
    0.0013284668046818562,
    0.0013409431107069185,
    0.001356638278844677,
    0.001356142929009118,
    0.0013746823839206137,
    0.0013490558892852557,
    0.0013647158914627622,
    0.0014081641521311347
  ],
  "val_loss": [
    0.014484866832693418,
    0.002819038617114226,
    0.0012847708874485558,
    0.0014226755981023114,
    0.0016005790093913674,
    0.001858701295633283,
    0.0018640304268855187,
    0.0015573608430309428,
    0.0014456950205688675,
    0.0016272603663512403,
    0.0015524434727720087,
    0.001578777769787444,
    0.001605551638123062,
    0.00165947950962517,
    0.0011167398382288714,
    0.0011604054792163272,
    0.0011273232521489263,
    0.0010694593980184032,
    0.0010752239031717181,
    0.0011189545362463428,
    0.0011528099292061394,
    0.0011095270682643685,
    0.001092833104646868,
    0.00107814282980851,
    0.0010672430055112475,
    0.0010884793721035952,
    0.0010741802980192006,
    0.0010663335560820997,
    0.0010461760361471938,
    0.001075051789585915,
    0.001342419547856682,
    0.0018357934119800727,
    0.003635818850145572,
    0.03700555704482314,
    0.09879931658765094,
    0.15064743691537943,
    0.17709331010054383,
    0.008794106064467795,
    0.12680452967631733,
    0.23534993815701455,
    0.19649436866812822,
    0.2422120220726356,
    0.2412870718140362,
    0.21413746564131644,
    0.2383141843860762,
    0.2287340581080773,
    0.21363975577211627,
    0.2401665331951032,
    0.22463198594697234
  ],
  "lr": [
    0.001,
    0.001,
    0.001,
    0.001,
    0.001,
    0.001,
    0.001,
    0.001,
    0.001,
    0.001,
    0.001,
    0.001,
    0.001,
    0.0005,
    0.0005,
    0.0005,
    0.0005,
    0.0005,
    0.0005,
    0.0005,
    0.0005,
    0.0005,
    0.0005,
    0.0005,
    0.0005,
    0.0005,
    0.0005,
    0.0005,
    0.0005,
    0.0005,
    0.0005,
    0.0005,
    0.0005,
    0.0005,
    0.0005,
    0.0005,
    0.0005,
    0.0005,
    0.0005,
    0.00025,
    0.00025,
    0.00025,
    0.00025,
    0.00025,
    0.00025,
    0.00025,
    0.00025,
    0.00025,
    0.00025
  ]
}