{
  "train_loss": [
    0.15402065417737446,
    0.030385085529473856,
    0.010977076740373076,
    0.005622472672562324,
    0.00433272815083542,
    0.003544788450054681,
    0.003414808871650363,
    0.0030588675647922003,
    0.002990264556066736,
    0.0029954228511187416,
    0.0027213838426022423,
    0.0030275630922321664,
    0.002627390718012788,
    0.0024499069203673023,
    0.002419529310435733,
    0.002416806747359963,
    0.002334124537064559,
    0.0023483441976820613,
    0.002307739638663295,
    0.0022876425329303243,
    0.002397390589586103,
    0.002292866501664616,
    0.002238332146021292,
    0.0022331997264586193,
    0.0021630512196148047,
    0.0021408567429369034,
    0.0020483851686354084,
    0.0020166051396888797,
    0.002071495536864324,
    0.002033890044579955,
    0.0020340630267771127,
    0.002018807561544744,
    0.001993284789913612,
    0.002100204382527353,
    0.0020403742650442515,
    0.002004235269368527,
    0.0019704651178541815,
    0.0019761646185947964,
    0.00203015373119301,
    0.0020002581058866484,
    0.0019882371710909182,
    0.001930172651043945,
    0.002003619034512921,
    0.0019844954095481785,
    0.0019146629835090504,
    0.0020000081116018286,
    0.0019541981664159534,
    0.0018293852893469845,
    0.0018819043507074603,
    0.0018919526516455007
  ],
  "val_loss": [
    0.006297530192467902,
    0.003720582566327519,
    0.0037541477682275903,
    0.003915973343989915,
    0.003624790555073155,
    0.0035586580634117126,
    0.003363938614105185,
    0.0033708412148472336,
    0.003243870127739178,
    0.0033003949405004582,
    0.003330590591455499,
    0.0032238265137291616,
    0.0031971442771868575,
    0.0032870101276785135,
    0.003224048065021634,
    0.0032715065042591756,
    0.003290776706611117,
    0.0033080362611346776,
    0.003338181594800618,
    0.003266305792041951,
    0.0032802975943519008,
    0.0032772462194164595,
    0.0033378342114802864,
    0.00339958938356075,
    0.003107724685428871,
    0.0031011648631344237,
    0.0030896966345608234,
    0.0031004551953325668,
    0.0031054537588109574,
    0.003102158144530323,
    0.0031009475286636087,
    0.0030964541818118757,
    0.003127357301612695,
    0.003092403652974301,
    0.003086445697893699,
    0.003095651407622629,
    0.0031068293481237358,
    0.003106899093836546,
    0.003089042975463801,
    0.003118376816726393,
    0.003095190790999267,
    0.0030902356116308104,
    0.003096261035857929,
    0.003094576428540879,
    0.0031039877535982262,
    0.0030937002092185947,
    0.0032148688203758663,
    0.0030763374589797524,
    0.0031122780508465236,
    0.0031047783171137175
  ],
  "lr": [
    0.001,
    0.001,
    0.001,
    0.001,
    0.001,
    0.001,
    0.001,
    0.001,
    0.001,
    0.001,
    0.001,
    0.001,
    0.001,
    0.001,
    0.001,
    0.001,
    0.001,
    0.001,
    0.001,
    0.001,
    0.001,
    0.001,
    0.001,
    0.0005,
    0.0005,
    0.0005,
    0.0005,
    0.0005,
    0.0005,
    0.0005,
    0.0005,
    0.0005,
    0.0005,
    0.0005,
    0.0005,
    0.0005,
    0.0005,
    0.0005,
    0.0005,
    0.0005,
    0.0005,
    0.0005,
    0.0005,
    0.0005,
    0.0005,
    0.00025,
    0.00025,
    0.00025,
    0.00025,
    0.00025
  ]
}