{
  "train_loss": [
    0.181083138492511,
    0.039194887845304,
    0.015456786798557063,
    0.006845711413478352,
    0.004617342917186844,
    0.0032747314290434487,
    0.0031443050953626215,
    0.0028458092017115515,
    0.002871148502795484,
    0.003090120799982527,
    0.0026167365177867715,
    0.002295329952271197,
    0.002312314620218768,
    0.002191815122207838,
    0.002109132193510029,
    0.002054517289028742,
    0.0020445699317553074,
    0.0019474982480676179,
    0.0019369189567330829,
    0.0019398922520002145,
    0.00184099727601177,
    0.0018286406896345277,
    0.0018722685687829063,
    0.0018279743047648908,
    0.0018355830736705354,
    0.0018005021937178485,
    0.0017087472079364001,
    0.0017721588100854432,
    0.0017640075140858613,
    0.001745965478073864,
    0.0017108594767918344,
    0.0016914844743738417,
    0.0016828278993072726,
    0.001686002353749142,
    0.0016722002117057538,
    0.001677996522859129,
    0.0016358902947700878,
    0.001818574766708086,
    0.0016989692002144783,
    0.0016339962333310754,
    0.0016387435046868175,
    0.001653929704224876,
    0.001624636550354292,
    0.0016646580055460047,
    0.0016567696692067707,
    0.0016421289321353714,
    0.001721453100416881,
    0.001615625861414544,
    0.0020800206881751147,
    0.0016931163156843935
  ],
  "val_loss": [
    0.0034752702857885095,
    0.002910605993949705,
    0.0026520758660303224,
    0.002389359443138043,
    0.002271367883723643,
    0.0019983851557804477,
    0.0018872751906100246,
    0.0018303867222534285,
    0.0019786973846041495,
    0.002239811829187804,
    0.0019509828287280267,
    0.0018727302603009674,
    0.0018641932143105401,
    0.0019015672150999308,
    0.0018866996849990552,
    0.0018079981932209597,
    0.0018098633736371994,
    0.0018919385297016965,
    0.0017133152836726771,
    0.0017326914239674807,
    0.0018366354569378826,
    0.0017704071942716837,
    0.001779579867919286,
    0.0017672668780303663,
    0.0018318096537970835,
    0.0017910522357043293,
    0.0017775566989762916,
    0.0017664592402676742,
    0.001905800826433632,
    0.0018366264541529948,
    0.0016301395630256997,
    0.0015946664692213137,
    0.001550595069097148,
    0.001586200695277916,
    0.0015960323055171305,
    0.0015575590853889783,
    0.0015532462857663631,
    0.0015905241016298532,
    0.0015746441462801562,
    0.0015679872336073054,
    0.001542446410490407,
    0.0015412454700304402,
    0.0015447884798049927,
    0.0015330073527163928,
    0.0015426727218760385,
    0.0015381426912628943,
    0.001510385682599412,
    0.0015583495195541116,
    0.0014779142155829403,
    0.0015720005871521102
  ],
  "lr": [
    0.001,
    0.001,
    0.001,
    0.001,
    0.001,
    0.001,
    0.001,
    0.001,
    0.001,
    0.001,
    0.001,
    0.001,
    0.001,
    0.001,
    0.001,
    0.001,
    0.001,
    0.001,
    0.001,
    0.001,
    0.001,
    0.001,
    0.001,
    0.001,
    0.001,
    0.001,
    0.001,
    0.001,
    0.001,
    0.0005,
    0.0005,
    0.0005,
    0.0005,
    0.0005,
    0.0005,
    0.0005,
    0.0005,
    0.0005,
    0.0005,
    0.0005,
    0.0005,
    0.0005,
    0.0005,
    0.0005,
    0.0005,
    0.0005,
    0.0005,
    0.0005,
    0.0005,
    0.0005
  ]
}