{
  "train_loss": [
    0.17078494734372976,
    0.03913393871530396,
    0.01517778224137857,
    0.00724433162241498,
    0.005117158420110872,
    0.0050295528681074345,
    0.0048289836090168615,
    0.0038715427250554215,
    0.00367207288820082,
    0.0037353023184531647,
    0.003289371026748138,
    0.00340159314751209,
    0.003928764211257715,
    0.0032586484341305174,
    0.003074806677681405,
    0.002953858607258472,
    0.002538055509822947,
    0.002533941541068633,
    0.002291990463568278,
    0.0022772174153028357,
    0.002218992967828198,
    0.0023385545151083883,
    0.0024667611186364974,
    0.0022266918003403077,
    0.0021996523105713294,
    0.0021444691855453902,
    0.002172462502413187,
    0.0020465021871719476,
    0.0020875202111548777,
    0.002008935976220883,
    0.001944954105592731
  ],
  "val_loss": [
    0.011031712715824446,
    0.002390967643198868,
    0.0027710535149607393,
    0.0020362853473569783,
    0.0017571848907714917,
    0.0019645175715494487,
    0.002187107599133419,
    0.002088780036299593,
    0.001981350761424336,
    0.0017857180468531118,
    0.0017570841397779684,
    0.0018118395754653546,
    0.0020949530492847166,
    0.0018209807134957777,
    0.0018063805635190671,
    0.0018418285245489744,
    0.002133296983730462,
    0.0018353815087013775,
    0.002024448386186527,
    0.0019887806977041894,
    0.0019389632313201826,
    0.0020465587731450796,
    0.0019621716087890994,
    0.002064778404827747,
    0.001938456798800164,
    0.002030670811008248,
    0.0019846131067929994,
    0.0018912936664289897,
    0.0019250977266993788,
    0.0019442617712128493,
    0.0019300576790960298
  ],
  "lr": [
    0.001,
    0.001,
    0.001,
    0.001,
    0.001,
    0.001,
    0.001,
    0.001,
    0.001,
    0.001,
    0.001,
    0.001,
    0.001,
    0.001,
    0.001,
    0.0005,
    0.0005,
    0.0005,
    0.0005,
    0.0005,
    0.0005,
    0.0005,
    0.0005,
    0.0005,
    0.0005,
    0.0005,
    0.00025,
    0.00025,
    0.00025,
    0.00025,
    0.00025
  ]
}