{
  "train_loss": [
    0.15855353664977387,
    0.043109149000823604,
    0.014679596946293562,
    0.007348190999571982,
    0.005072982653481382,
    0.004714246156640078,
    0.0034706812241418615,
    0.0036486362417538962,
    0.0025809400927854042,
    0.0022668305582921127,
    0.0023859741188988846,
    0.001959449922045072,
    0.0021201613965406885,
    0.0023353268988885595,
    0.0024545898085645357,
    0.0021457706673971228,
    0.0018201605603749007,
    0.0017979088780611598,
    0.0017828979313269544,
    0.0023209690384527774,
    0.0017763858768328322,
    0.0015540153152239467,
    0.0015658082937851001,
    0.0017335001236221136,
    0.001705641934670911,
    0.0016163677224210003,
    0.00140099854161394,
    0.0013536037015769286,
    0.001309065682972809,
    0.0014803527007578347,
    0.0013952315451795103,
    0.0012592115678400268,
    0.0016999681566372176,
    0.0015167398687068497,
    0.0013097075267611998,
    0.0012922371212672605,
    0.0013789288394062099,
    0.001285486249984559,
    0.001221134706057387,
    0.0012472097812314725,
    0.0013593171526520248,
    0.0016425857060372725,
    0.0012548332578822788,
    0.0013432777478614819,
    0.001285599863211938,
    0.0014455793360426995,
    0.0012358116444336805,
    0.0014702922633701178,
    0.0012820475664880471,
    0.0012356265859246045
  ],
  "val_loss": [
    0.01260225661098957,
    0.0027959029086762005,
    0.003494089339963264,
    0.0018717656752818988,
    0.002280336468377047,
    0.0019030136237334874,
    0.00201884597643382,
    0.002183074791294833,
    0.0020800065313879815,
    0.0019089365248671835,
    0.002071370694061948,
    0.0019736789270407623,
    0.0019181688937048118,
    0.0018223858723003003,
    0.002012867402906219,
    0.0019232810138621265,
    0.0019974038004875183,
    0.0020057359425764945,
    0.0020527815472127665,
    0.0022652492108237413,
    0.002080580956923465,
    0.0019455721550103691,
    0.0020249494571342236,
    0.0019976409579006336,
    0.001960068831168529,
    0.0017166028006209268,
    0.001645827659457508,
    0.0016268002218566835,
    0.0016401703534130421,
    0.0016667902366154725,
    0.0016090604670656223,
    0.001593281088086466,
    0.0016894386434513661,
    0.0016581635572947562,
    0.0016073029190819296,
    0.0016162510017036563,
    0.0015922934204960864,
    0.0016115989031580587,
    0.0016135569247934553,
    0.0015876142812582354,
    0.0016392507887859312,
    0.00160003576375958,
    0.0015920760730902355,
    0.001635863445699215,
    0.0016580579944679306,
    0.0016248388823846148,
    0.0015988974482752383,
    0.0016815452448402841,
    0.0016437933340461717,
    0.0016832355241705147
  ],
  "lr": [
    0.001,
    0.001,
    0.001,
    0.001,
    0.001,
    0.001,
    0.001,
    0.001,
    0.001,
    0.001,
    0.001,
    0.001,
    0.001,
    0.001,
    0.001,
    0.001,
    0.001,
    0.001,
    0.001,
    0.001,
    0.001,
    0.001,
    0.001,
    0.001,
    0.0005,
    0.0005,
    0.0005,
    0.0005,
    0.0005,
    0.0005,
    0.0005,
    0.0005,
    0.0005,
    0.0005,
    0.0005,
    0.0005,
    0.0005,
    0.0005,
    0.0005,
    0.0005,
    0.0005,
    0.0005,
    0.0005,
    0.0005,
    0.0005,
    0.0005,
    0.0005,
    0.0005,
    0.0005,
    0.0005
  ]
}