{
  "train_loss": [
    0.15205137163764726,
    0.028654948787123328,
    0.012642866939982402,
    0.007911156193332106,
    0.0073067069469738176,
    0.0068003348160996695,
    0.006570388457329901,
    0.006356988290737645,
    0.005909279951042322,
    0.005974348484949708,
    0.005668736383136862,
    0.005670903695919543,
    0.005498666140733589,
    0.005318422319065214,
    0.005588233665958125,
    0.005644521534598935,
    0.005406912052142474,
    0.005312783451812637,
    0.005265679808551312,
    0.005258079065598327,
    0.00534057473507019,
    0.005235157451912578,
    0.005005791386748692,
    0.005182393174781017,
    0.005065394523204101,
    0.005134547808667544,
    0.005108251277012767,
    0.004788404691437776,
    0.004441801523610975,
    0.004474178060603184,
    0.0046093667000792204,
    0.004486806209590839,
    0.004378845905446257,
    0.004441216470995498,
    0.004329537342174099,
    0.004374804066243804,
    0.004383823644194303,
    0.004616852810713633,
    0.004394987009686741,
    0.004639754114090669,
    0.004693800008109727,
    0.00447460559780269,
    0.005722484969083759,
    0.004546836343631278,
    0.0045006361190249155,
    0.004635465160714394,
    0.004516534923362898,
    0.004435776324900449,
    0.004461467968231721,
    0.004484986571065211
  ],
  "val_loss": [
    0.010423677663008371,
    0.0023642790814240775,
    0.0032166201724774307,
    0.002959769270900223,
    0.002601234552760919,
    0.0025581580897172294,
    0.0024506752379238605,
    0.0024622072879638937,
    0.0023416373620016705,
    0.0022254587901342246,
    0.0022653661047418914,
    0.0022562659837098587,
    0.002258528515489565,
    0.002234533442080849,
    0.0022445200657885936,
    0.0022230632603168488,
    0.0023071703164734775,
    0.002371544522854189,
    0.0023338912287727,
    0.0022484058022706043,
    0.0022508641316865883,
    0.0022501775399885243,
    0.0022281383604018223,
    0.002251812631988691,
    0.0022572658749090303,
    0.0023258626849080124,
    0.0022504247543919417,
    0.002415846593471037,
    0.002212394572173556,
    0.002246403368189931,
    0.002281703417085939,
    0.002215922215125627,
    0.0022417691070586443,
    0.0023990066515074838,
    0.002176843505973617,
    0.0022216362154318225,
    0.0023051269300695923,
    0.0023584888678871924,
    0.002129349003856381,
    0.002229350981199079,
    0.0021425703566314448,
    0.0022382004341731467,
    0.0024277763182504308,
    0.0022240528940326637,
    0.0022132947989222077,
    0.0022070658807125357,
    0.002210005186498165,
    0.0022714862134307623,
    0.002226833849110537,
    0.0022028544917702675
  ],
  "lr": [
    0.001,
    0.001,
    0.001,
    0.001,
    0.001,
    0.001,
    0.001,
    0.001,
    0.001,
    0.001,
    0.001,
    0.001,
    0.001,
    0.001,
    0.001,
    0.001,
    0.001,
    0.001,
    0.001,
    0.001,
    0.001,
    0.001,
    0.001,
    0.001,
    0.001,
    0.001,
    0.0005,
    0.0005,
    0.0005,
    0.0005,
    0.0005,
    0.0005,
    0.0005,
    0.0005,
    0.0005,
    0.0005,
    0.0005,
    0.0005,
    0.0005,
    0.0005,
    0.0005,
    0.0005,
    0.0005,
    0.0005,
    0.0005,
    0.0005,
    0.0005,
    0.0005,
    0.0005,
    0.00025
  ]
}