{
  "train_loss": [
    0.11856001958797115,
    0.024795259896789337,
    0.0090678832241794,
    0.005184707035152908,
    0.0044441839605309785,
    0.004196579348666506,
    0.0036313973796305234,
    0.003202290448114718,
    0.0029540792770722775,
    0.002789241624232154,
    0.002738834253104361,
    0.0026697847816644538,
    0.0024937633457504226,
    0.0025125894415961095,
    0.002417888635376153,
    0.0026027335708938134,
    0.002396849242492496,
    0.002437467815234191,
    0.0021832461483503513,
    0.0020828842889211983,
    0.0020651272538704814,
    0.002129272731706942,
    0.002116990114771883,
    0.002138520384542189,
    0.002099496645635127,
    0.0020432623418577887,
    0.002099414900543386,
    0.0020482517083225864,
    0.002081382454065752,
    0.0021050748907770786,
    0.0020280931840600354,
    0.001965910644899488,
    0.0019494457394664824,
    0.001924644755833436,
    0.0019038616115614174,
    0.001839858244122843,
    0.0018830219833066535,
    0.0019450070739546578,
    0.001881190297725313,
    0.001904867136002523
  ],
  "val_loss": [
    0.007774163658420245,
    0.005211301458378633,
    0.004379125881112284,
    0.004370582496954335,
    0.003964155343257719,
    0.0039131291883273255,
    0.004136382653895352,
    0.004092205988450183,
    0.004019821968136562,
    0.004362634900543425,
    0.004279233515262604,
    0.004401507476965587,
    0.004303391195005841,
    0.004507500264379714,
    0.004250851459801197,
    0.004540332799984349,
    0.004732876343445646,
    0.003572045230410165,
    0.003512813683806194,
    0.0034800131236099536,
    0.003555803249279658,
    0.0035832642525848416,
    0.003564178969504105,
    0.0035433845025383765,
    0.00353272564502226,
    0.003580419294950035,
    0.0035769062944584424,
    0.003608624062811335,
    0.003575668747847279,
    0.0035682125793149075,
    0.003537916862923238,
    0.0035187798138293955,
    0.003534468822181225,
    0.0034977344589100946,
    0.0035465610110097462,
    0.0035408176481723785,
    0.0035362430434260103,
    0.0035003225526048076,
    0.0035305627518230015,
    0.003502294990337557
  ],
  "lr": [
    0.001,
    0.001,
    0.001,
    0.001,
    0.001,
    0.001,
    0.001,
    0.001,
    0.001,
    0.001,
    0.001,
    0.001,
    0.001,
    0.001,
    0.001,
    0.001,
    0.0005,
    0.0005,
    0.0005,
    0.0005,
    0.0005,
    0.0005,
    0.0005,
    0.0005,
    0.0005,
    0.0005,
    0.0005,
    0.0005,
    0.0005,
    0.0005,
    0.00025,
    0.00025,
    0.00025,
    0.00025,
    0.00025,
    0.00025,
    0.00025,
    0.00025,
    0.00025,
    0.00025
  ]
}