{
  "train_loss": [
    0.20104357376564652,
    0.04657175913323074,
    0.01750143324829521,
    0.007313387101129295,
    0.0046113099623308965,
    0.003661447723134442,
    0.0033733258917797715,
    0.003839968627295985,
    0.003637835214379362,
    0.0031675291922183975,
    0.0029294794428619,
    0.00290163025832093,
    0.003032557848340346,
    0.002555159933175924,
    0.0031847685939562467,
    0.002495935020958566,
    0.0028780271960698704,
    0.002563219088378377,
    0.0023538755093673552,
    0.0022480729674793664,
    0.00212448706970685,
    0.0021863162686583467,
    0.00249105953590304,
    0.0023352466231085244,
    0.0020252123676617524,
    0.002133911430029553,
    0.002031910943475277,
    0.002135409159264015,
    0.0020716160399283415,
    0.0020204900681036306,
    0.0019931644818909715,
    0.002015528784346414,
    0.0021394846528560497,
    0.0020206720482096414,
    0.0019647289672135057,
    0.001915966893625925,
    0.002202823498070136,
    0.002607102579003229,
    0.0021792733440432455,
    0.0019307514070736383,
    0.0018853751412652967,
    0.0022168980056442725,
    0.0018896969396094377,
    0.0018827949844001683,
    0.001910258630651454,
    0.0018828747205657276,
    0.0019114603098306356,
    0.0023708119338303546,
    0.001927717801762085,
    0.0018602350586944018
  ],
  "val_loss": [
    0.1810422922588057,
    0.014257803869744142,
    0.0041683545957009,
    0.0029249273551007113,
    0.0029019315390744144,
    0.0028089540105106104,
    0.002902546781115234,
    0.002379854280863785,
    0.0030363697765602004,
    0.003093271451588306,
    0.002847726275730464,
    0.002842254729734527,
    0.002777911386349135,
    0.002748892914193372,
    0.0024176936907072863,
    0.0024566308841005796,
    0.002788623083486325,
    0.0028854639709202778,
    0.00265839534242534,
    0.002451951783667836,
    0.0022716011670935485,
    0.002283729063088281,
    0.002188257937733498,
    0.002286515955347568,
    0.0023325528664928344,
    0.0023314152171628345,
    0.0023196040807912746,
    0.0023429616703651845,
    0.002291508368216455,
    0.0024088024899053075,
    0.002295028153134303,
    0.0022755169645986622,
    0.0022814234123668736,
    0.002345869278845688,
    0.0021448240279116565,
    0.002177617150462336,
    0.0021768498312061033,
    0.002150561647593147,
    0.002189622790966597,
    0.002166105770609445,
    0.0021564204685596954,
    0.002152274893079367,
    0.0021287610676760473,
    0.0021327730759771336,
    0.0021243217634037137,
    0.0021184388315305114,
    0.002128387115792268,
    0.0021018299481107127,
    0.0021197540077587795,
    0.0021146306470553908
  ],
  "lr": [
    0.001,
    0.001,
    0.001,
    0.001,
    0.001,
    0.001,
    0.001,
    0.001,
    0.001,
    0.001,
    0.001,
    0.001,
    0.001,
    0.001,
    0.001,
    0.001,
    0.001,
    0.001,
    0.0005,
    0.0005,
    0.0005,
    0.0005,
    0.0005,
    0.0005,
    0.0005,
    0.0005,
    0.0005,
    0.0005,
    0.0005,
    0.0005,
    0.0005,
    0.0005,
    0.0005,
    0.00025,
    0.00025,
    0.00025,
    0.00025,
    0.00025,
    0.00025,
    0.00025,
    0.00025,
    0.00025,
    0.00025,
    0.00025,
    0.00025,
    0.00025,
    0.00025,
    0.00025,
    0.00025,
    0.00025
  ]
}