{
  "train_loss": [
    0.15700621234600873,
    0.03244071996024766,
    0.011188790592223562,
    0.004983661985626188,
    0.003621898084410822,
    0.0030941949347863024,
    0.002646177135941038,
    0.002391821673923346,
    0.0023509544331781944,
    0.0023076410354952123,
    0.002135135890041554,
    0.002392153712363351,
    0.0020754833105971053,
    0.0019910499830624612,
    0.0018954592680535808,
    0.0018553191870711028,
    0.0019178090399264458,
    0.0017503824013482005,
    0.0020394124623784636,
    0.0019888201952760758,
    0.001795715540257424,
    0.0017595782837006434,
    0.001652229843859481,
    0.0016257714896249938,
    0.0016337771384763884,
    0.0015886010663879687,
    0.0015858135902912828,
    0.00157632333849009,
    0.0015998495479372784,
    0.0015070252087987946,
    0.0015498172966389547,
    0.0015983244170147087,
    0.0015963338165955185,
    0.0015049570778069487,
    0.0014897508231393121,
    0.0014721039035739492,
    0.0014552849021465574,
    0.0014577596358967908,
    0.001437749642144115,
    0.0014397923153602432,
    0.0013836796572643216,
    0.0014456502368338862,
    0.001406082782705833,
    0.0014160304764256428,
    0.001395473919847873,
    0.0013901240746596304,
    0.0014030766554735926,
    0.001397679470492491,
    0.0013339760441846665,
    0.0014039208043048104
  ],
  "val_loss": [
    0.04519188621391853,
    0.07363098156121042,
    0.026343631053653855,
    0.010529159736405645,
    0.007201998856746488,
    0.006143412397553523,
    0.005347304654100703,
    0.005533929577925139,
    0.005665887884485225,
    0.005497990447717409,
    0.005260326330446535,
    0.005317905400362279,
    0.005033901103565263,
    0.004885007278062403,
    0.004662166013278895,
    0.004480568278166983,
    0.004607558224557174,
    0.004522617091424763,
    0.004302501031715009,
    0.004452091990970075,
    0.004331686042456163,
    0.004402824871552487,
    0.004327843004527192,
    0.004229702288284898,
    0.004164229367031819,
    0.004116441847549545,
    0.004132671553331117,
    0.00415548629179183,
    0.004295115165101985,
    0.0041518359082854455,
    0.004153958948639532,
    0.004199571338378721,
    0.0040462013696216876,
    0.003990599445791708,
    0.0040526768037428456,
    0.004054234453683926,
    0.003953999451672037,
    0.003996200691391196,
    0.004068645402892596,
    0.00400369671276874,
    0.004016816021046705,
    0.0040212214096552795,
    0.004023860273365345,
    0.003995990781630907,
    0.004018567955224878,
    0.004062600770137376,
    0.004036313802417781,
    0.004031163937826123,
    0.004221906238752935,
    0.00422112123730282
  ],
  "lr": [
    0.001,
    0.001,
    0.001,
    0.001,
    0.001,
    0.001,
    0.001,
    0.001,
    0.001,
    0.001,
    0.001,
    0.001,
    0.001,
    0.001,
    0.001,
    0.001,
    0.001,
    0.001,
    0.001,
    0.001,
    0.001,
    0.001,
    0.001,
    0.001,
    0.001,
    0.001,
    0.001,
    0.001,
    0.001,
    0.001,
    0.001,
    0.001,
    0.001,
    0.001,
    0.001,
    0.001,
    0.001,
    0.001,
    0.001,
    0.001,
    0.001,
    0.001,
    0.001,
    0.001,
    0.001,
    0.001,
    0.001,
    0.0005,
    0.0005,
    0.0005
  ]
}