{
  "train_loss": [
    0.11011711527539797,
    0.027122889981844037,
    0.011617778717535329,
    0.006335485108963898,
    0.004970852006064243,
    0.004031688651073249,
    0.003917259195036081,
    0.004338880744071947,
    0.003995481020337,
    0.003503621385203606,
    0.0033342805130319444,
    0.00335454438239284,
    0.003370605799228109,
    0.003185905132566239,
    0.003160968208344195,
    0.003251183134411018,
    0.003118729092063704,
    0.00297452237320508,
    0.002862081838605916,
    0.002841667511076203,
    0.0028281727022317483,
    0.002884659610597667,
    0.0027609998961653803,
    0.002851295270298788,
    0.0028189535611951124,
    0.002705747251891341,
    0.0028238076599636625,
    0.002711041077945453,
    0.0027401047753882034,
    0.002812391423326096,
    0.0027484445333688877,
    0.002739221637785747,
    0.0027856717916631365,
    0.002747806562777173,
    0.0027503765742400137,
    0.002725841038670215,
    0.002745322057453958,
    0.0027308136998410834,
    0.0026450258099439882,
    0.0026525482632882933,
    0.002615186546719511,
    0.0026143219250451,
    0.0025970741007704592,
    0.002773519943469898,
    0.002709193828062237,
    0.002608439015520389,
    0.0025740858089393346
  ],
  "val_loss": [
    0.005467999933494462,
    0.003867915417585108,
    0.0032474027118749088,
    0.0032525942919568885,
    0.002770696689064304,
    0.002703466012866961,
    0.002804411109536886,
    0.0030841658978412547,
    0.0029157185409631995,
    0.0028942398364759153,
    0.0027847529854625463,
    0.0028086292246977487,
    0.002934897525442971,
    0.0029544030419654315,
    0.0028400018086863887,
    0.0028731233129898706,
    0.0028920889728599125,
    0.0024501747037801477,
    0.002452640406166514,
    0.002412938383511371,
    0.00247305388458901,
    0.002421260733778278,
    0.0024297680291864607,
    0.0024035550757414764,
    0.00243220548145473,
    0.0024081251790954005,
    0.002389906802111202,
    0.0024183582669744887,
    0.002417309106224113,
    0.002393438403184215,
    0.0024000595116780866,
    0.00239260445555879,
    0.00239731824128992,
    0.0024054855522182253,
    0.0023972369057850707,
    0.002403777739447024,
    0.0023991107009351254,
    0.0024138217688434655,
    0.0024438523946122993,
    0.002431506549732553,
    0.002452265833401018,
    0.0024371349977122415,
    0.0024386334957347978,
    0.002436198320032822,
    0.0025215918819109597,
    0.0025004836109777293,
    0.002510452280855841
  ],
  "lr": [
    0.001,
    0.001,
    0.001,
    0.001,
    0.001,
    0.001,
    0.001,
    0.001,
    0.001,
    0.001,
    0.001,
    0.001,
    0.001,
    0.001,
    0.001,
    0.001,
    0.0005,
    0.0005,
    0.0005,
    0.0005,
    0.0005,
    0.0005,
    0.0005,
    0.0005,
    0.0005,
    0.0005,
    0.0005,
    0.0005,
    0.0005,
    0.0005,
    0.0005,
    0.0005,
    0.0005,
    0.0005,
    0.0005,
    0.0005,
    0.0005,
    0.00025,
    0.00025,
    0.00025,
    0.00025,
    0.00025,
    0.00025,
    0.00025,
    0.00025,
    0.00025,
    0.00025
  ]
}