{
  "train_loss": [
    0.16518613826125914,
    0.03865567281400138,
    0.016869073294844304,
    0.009226305049439375,
    0.00943340501548108,
    0.006864557650596892,
    0.005570203572979772,
    0.00512929956378321,
    0.004305025955977448,
    0.004251255252338413,
    0.00423495814100194,
    0.004685904388600411,
    0.004963242609775503,
    0.0045500849137963635,
    0.0040358723926294535,
    0.003915976225861704,
    0.004068950090368797,
    0.003861022017649123,
    0.003793763052054517,
    0.003576815895489165,
    0.0039813189294325745,
    0.004134518937914783,
    0.003667029820343587,
    0.0035241760677588133,
    0.003531814609730639,
    0.003406380015518029,
    0.00340812436807218,
    0.0033008204496759812,
    0.0036029548402128,
    0.003266810987268235,
    0.00349593922547853,
    0.0033219971191820676,
    0.0032145485711035306,
    0.0032590311963312706,
    0.0032754091523184616,
    0.0032591803639763104,
    0.0032359059464452987,
    0.0031592682081991465,
    0.0031834635591007653,
    0.003091479295679412,
    0.003261669508033606,
    0.003117659946750804,
    0.0034056729450171737,
    0.003162012076294651,
    0.003258598074447006,
    0.003197465722577526
  ],
  "val_loss": [
    0.026439987536933687,
    0.005857925862073898,
    0.0037631442666881615,
    0.0036706182484825454,
    0.004117282573133707,
    0.0031396963944037757,
    0.0027386735503872237,
    0.002761246222588751,
    0.0027417029357618755,
    0.0027630808245804575,
    0.002699912085922228,
    0.002668325737532642,
    0.0031027266652219826,
    0.0026431238123526177,
    0.002675810621844398,
    0.0027236400379074942,
    0.0027990729754997622,
    0.0030829680617898703,
    0.00306386260005335,
    0.002921205867702762,
    0.0027956925332546234,
    0.002842147627638446,
    0.002891930725632442,
    0.0029339222754869196,
    0.00309358433716827,
    0.0023999285832461384,
    0.002549062871063749,
    0.0024926605013509593,
    0.0024354159055898585,
    0.0024997681482798522,
    0.00243287479194502,
    0.0024217103556212452,
    0.0024549071159627703,
    0.0024639067447019946,
    0.0025051056873053312,
    0.0024428447811967796,
    0.002461717257069217,
    0.0024368350342330006,
    0.0024609780973858303,
    0.002458308254265123,
    0.0024677733114610114,
    0.0024297411760522258,
    0.0024233816139813927,
    0.002481608780928784,
    0.0024762071358660855,
    0.0024627187910179296
  ],
  "lr": [
    0.001,
    0.001,
    0.001,
    0.001,
    0.001,
    0.001,
    0.001,
    0.001,
    0.001,
    0.001,
    0.001,
    0.001,
    0.001,
    0.001,
    0.001,
    0.001,
    0.001,
    0.001,
    0.001,
    0.001,
    0.001,
    0.001,
    0.001,
    0.001,
    0.0005,
    0.0005,
    0.0005,
    0.0005,
    0.0005,
    0.0005,
    0.0005,
    0.0005,
    0.0005,
    0.0005,
    0.0005,
    0.0005,
    0.00025,
    0.00025,
    0.00025,
    0.00025,
    0.00025,
    0.00025,
    0.00025,
    0.00025,
    0.00025,
    0.00025
  ]
}