{
  "train_loss": [
    0.16021729659867745,
    0.02998589158682299,
    0.009405469291081187,
    0.0045452630228605155,
    0.0037254978549938135,
    0.0035493307166698717,
    0.0034457080547306133,
    0.003013136811281374,
    0.003129333888308956,
    0.002984126902999678,
    0.0029050957340012464,
    0.0028421969508937517,
    0.0026766820233737817,
    0.0026762421595592565,
    0.0026579174890880184,
    0.002568979047069791,
    0.0026807366670426273,
    0.002749185079471395,
    0.002566923512500202,
    0.002495354483550964,
    0.002514338068807104,
    0.002372348989907776,
    0.002196065190834941,
    0.0021203518544452146,
    0.002101794408592046,
    0.0021876034312223263,
    0.0020973877542462024,
    0.002088946064391269,
    0.002065564855205035,
    0.0020728924719659028,
    0.002083815413203747,
    0.0020350076446722523,
    0.0020470249338195795,
    0.0020389730504097947,
    0.0020444135930889774,
    0.0020698070116536155,
    0.0020466530711811043,
    0.002028753607164919,
    0.0020340963723511803,
    0.00209335611895845,
    0.0019834889765393254,
    0.001911442733351889,
    0.002012528560366514,
    0.001916676047818823,
    0.00189036783643626,
    0.0019129896097626361,
    0.0019124080288836678,
    0.001981272653109324,
    0.0018955922050053744
  ],
  "val_loss": [
    0.004639718474613296,
    0.004358280139664809,
    0.003170602929054035,
    0.002364912044463886,
    0.001989466112313999,
    0.0017871804237883124,
    0.001795308703246216,
    0.0017968110494419104,
    0.0017579765343624684,
    0.0017062044999976126,
    0.0017973211102394594,
    0.0020027200031715133,
    0.001901187914578865,
    0.0018994696697013245,
    0.0018745791878447765,
    0.0019560233340598643,
    0.002009763550530705,
    0.0019050049983585875,
    0.0019523207964893016,
    0.0019410603045899835,
    0.0018878210426515175,
    0.0014743858353338307,
    0.0014357969501159256,
    0.0014186479578105111,
    0.001415721554723051,
    0.0014208752804228829,
    0.0014195357022496562,
    0.0014151521091763345,
    0.00140753623822497,
    0.0014124952398964928,
    0.001410705710036887,
    0.0014347008739908536,
    0.001421178167220205,
    0.0014105256478716102,
    0.0014113170780344969,
    0.0014194334055193597,
    0.0014100164278513854,
    0.0014164185009172393,
    0.0014153210601458948,
    0.0014339496200490329,
    0.001413074244434635,
    0.0014165160569569303,
    0.0014266311255697575,
    0.0014113616586352389,
    0.001413648689372672,
    0.0014215600676834583,
    0.0014096461689203149,
    0.0014141020559084911,
    0.001411558465204305
  ],
  "lr": [
    0.001,
    0.001,
    0.001,
    0.001,
    0.001,
    0.001,
    0.001,
    0.001,
    0.001,
    0.001,
    0.001,
    0.001,
    0.001,
    0.001,
    0.001,
    0.001,
    0.001,
    0.001,
    0.001,
    0.001,
    0.0005,
    0.0005,
    0.0005,
    0.0005,
    0.0005,
    0.0005,
    0.0005,
    0.0005,
    0.0005,
    0.0005,
    0.0005,
    0.0005,
    0.0005,
    0.0005,
    0.0005,
    0.0005,
    0.0005,
    0.0005,
    0.0005,
    0.00025,
    0.00025,
    0.00025,
    0.00025,
    0.00025,
    0.00025,
    0.00025,
    0.00025,
    0.00025,
    0.00025
  ]
}