{
  "train_loss": [
    0.15761966584656667,
    0.042747759382138074,
    0.017298437017836912,
    0.007638382532001582,
    0.0051967180212130724,
    0.003862219188121809,
    0.003543416060910383,
    0.00307715079547223,
    0.002980899780884671,
    0.003033109782930028,
    0.002981943161231685,
    0.003010208681095749,
    0.0028900106292848605,
    0.00271427545559968,
    0.0026481798793112836,
    0.002630494921801394,
    0.002608613964384763,
    0.0025206568112912187,
    0.0025138638354512827,
    0.002284948478402476,
    0.0023353144812542316,
    0.002283093030280052,
    0.0023216778383205075,
    0.002298809870765471,
    0.0023716280617170934,
    0.0022824416180867797,
    0.0022043946636336846,
    0.0022411730992128297,
    0.002264169234957995,
    0.002233695576900379,
    0.0025634000152609526,
    0.0022390400356959296,
    0.0022487520657960866,
    0.0022475525889591188,
    0.002235219672478306,
    0.002159635828934727,
    0.0022138168037353803,
    0.0021474259006701423,
    0.0021318938667653537,
    0.0024652941636806175,
    0.002177855162434345,
    0.0021625283900745876,
    0.0021939589877663273,
    0.0022256431506254286,
    0.002153931993399511,
    0.002176148189560073,
    0.0020983298463555116,
    0.0021779358478012717,
    0.0021218447921631848,
    0.0021091305616638425
  ],
  "val_loss": [
    0.012102664758761724,
    0.007792651446329223,
    0.0029799407348036766,
    0.0025064427043414777,
    0.0023463222767329877,
    0.0020514024783753687,
    0.0019472234934154484,
    0.0019230980736513932,
    0.0020283022766105,
    0.0020222292255817186,
    0.0019999232738175327,
    0.002081454382278025,
    0.002168216406264239,
    0.0020853732195165423,
    0.0019992797816586164,
    0.0019614584485275876,
    0.0020670275617804793,
    0.001936211108437015,
    0.0019739614540918004,
    0.0019352167663681838,
    0.0019550481552465093,
    0.0019344282983284858,
    0.0019524767218778531,
    0.0019236104950929682,
    0.0019872011746176416,
    0.0019394131765390437,
    0.001919175925043722,
    0.0018997336349760492,
    0.0019258183375414875,
    0.0018927775349261032,
    0.0019089410521296991,
    0.0019374358622978132,
    0.001895714189029402,
    0.001931181345652375,
    0.0019377758985178338,
    0.0018960681821530063,
    0.001912977494713333,
    0.001890150920694901,
    0.001897219193374945,
    0.0019976133092616997,
    0.0019399288317395581,
    0.0018982672675823171,
    0.0018741950884254442,
    0.0018837319609398644,
    0.0019012614049845273,
    0.0019355715743990408,
    0.001912286298142539,
    0.0018896415131166577,
    0.0018724611210119394,
    0.0018792589220942722
  ],
  "lr": [
    0.001,
    0.001,
    0.001,
    0.001,
    0.001,
    0.001,
    0.001,
    0.001,
    0.001,
    0.001,
    0.001,
    0.001,
    0.001,
    0.001,
    0.001,
    0.001,
    0.001,
    0.001,
    0.0005,
    0.0005,
    0.0005,
    0.0005,
    0.0005,
    0.0005,
    0.0005,
    0.0005,
    0.0005,
    0.0005,
    0.0005,
    0.0005,
    0.0005,
    0.0005,
    0.0005,
    0.0005,
    0.0005,
    0.0005,
    0.0005,
    0.0005,
    0.0005,
    0.0005,
    0.0005,
    0.0005,
    0.0005,
    0.0005,
    0.0005,
    0.0005,
    0.0005,
    0.0005,
    0.0005,
    0.0005
  ]
}