{
  "train_loss": [
    0.16748705938016348,
    0.03222309112756872,
    0.009378201648410911,
    0.005748347969267381,
    0.004319641472573472,
    0.0047416310256792405,
    0.004132194265749234,
    0.003328190677609119,
    0.0032175927769139173,
    0.0038775833515388596,
    0.0028144261664849093,
    0.002955315462321719,
    0.002645423931653171,
    0.0024492497869603087,
    0.0028253622275060384,
    0.0026038064902573566,
    0.002444234603518591,
    0.002229601424349956,
    0.002066551546775858,
    0.0019536994391138847,
    0.0019948043962891814,
    0.0020931860136216016,
    0.002042713407654621,
    0.0023796299267657764,
    0.0018511264573581139,
    0.0019184598930011038,
    0.0019390226827762098,
    0.0021644264823687223,
    0.0019490803814579264,
    0.001926900357346052,
    0.0018684467167494393,
    0.0018634209848199215,
    0.0018084046884356993,
    0.0018274887265023138,
    0.0018265596761597388,
    0.0017449308128257071,
    0.0017412103140437374,
    0.0018942005522744193,
    0.001778845546887391,
    0.0017052801459195518,
    0.0017726750683566038,
    0.0016833932202367883,
    0.0017031378650722495,
    0.0021711837054989307,
    0.0016982953631388996,
    0.0017232590259083694,
    0.001716920348570193
  ],
  "val_loss": [
    0.011457396464215385,
    0.003969714925107028,
    0.0022431700749115813,
    0.0018384984642681149,
    0.0015026432423231502,
    0.001585382767694278,
    0.0014647639731669591,
    0.0015913507603626284,
    0.0016265530850634808,
    0.0014785528506359293,
    0.0016814151701206963,
    0.0014988232934330073,
    0.0014961397003692885,
    0.001526020978215254,
    0.001576906341748933,
    0.001523583293116341,
    0.0015394527258144484,
    0.001506815974911054,
    0.001433198113874015,
    0.0014484735438600183,
    0.0014919907682471806,
    0.0014364406945080394,
    0.001434656655571113,
    0.0014563803755057354,
    0.001431433121777243,
    0.0014480956791279216,
    0.0014298049435536894,
    0.0014324781562512119,
    0.0014495196131368477,
    0.001433841832396057,
    0.0014974249125872222,
    0.0014687797973035937,
    0.0014815666363574564,
    0.0014673219605659444,
    0.001467971551594221,
    0.0014527987481819259,
    0.0014440561386032237,
    0.001433447326740457,
    0.0014630514197051525,
    0.0014340952556166383,
    0.0014402283834190005,
    0.0014445748852772845,
    0.001466187447982116,
    0.0014712956488235956,
    0.0014792972166712086,
    0.00146451203747549,
    0.0014583255591181417
  ],
  "lr": [
    0.001,
    0.001,
    0.001,
    0.001,
    0.001,
    0.001,
    0.001,
    0.001,
    0.001,
    0.001,
    0.001,
    0.001,
    0.001,
    0.001,
    0.001,
    0.001,
    0.001,
    0.0005,
    0.0005,
    0.0005,
    0.0005,
    0.0005,
    0.0005,
    0.0005,
    0.0005,
    0.0005,
    0.0005,
    0.0005,
    0.0005,
    0.0005,
    0.0005,
    0.0005,
    0.0005,
    0.0005,
    0.0005,
    0.0005,
    0.0005,
    0.00025,
    0.00025,
    0.00025,
    0.00025,
    0.00025,
    0.00025,
    0.00025,
    0.00025,
    0.00025,
    0.00025
  ]
}