{
  "train_loss": [
    0.14975723026102541,
    0.04257896391717135,
    0.017807252640083406,
    0.008487595755600388,
    0.006149246196472208,
    0.004942070686276254,
    0.004634314611632162,
    0.0041523464024066925,
    0.004050418604522892,
    0.003771792837202445,
    0.0038721989027596685,
    0.004782285287742215,
    0.0039014662591574704,
    0.0037308737414565593,
    0.0030669574195073745,
    0.002772859481356739,
    0.003107395946303379,
    0.0031516693929051023,
    0.0029568727929502672,
    0.002851982023989551,
    0.002936235926460221,
    0.0029231512083641104,
    0.0029414392695689077,
    0.0027991004554753112,
    0.0028321658591065313,
    0.002832588923357128,
    0.0029234502718086643,
    0.002738463976802418,
    0.0029136708614141736,
    0.0027410227538819504,
    0.00265104067146154,
    0.0027199002928758793,
    0.002631682710783852,
    0.002643806983377089,
    0.0025695786660254313,
    0.0027843066288018516,
    0.0025695349507514928,
    0.0025099383676863464,
    0.0024567486370473215,
    0.0023545275554451017,
    0.002382617965535656,
    0.0024439465339063144,
    0.0023157909857092936,
    0.002383944128248288,
    0.002382032005977776,
    0.002514408540507262,
    0.002342084734773761
  ],
  "val_loss": [
    0.07667691633105278,
    0.06186995448337661,
    0.09240776486694813,
    0.11347857407397693,
    0.12700512529247338,
    0.13389652657012144,
    0.14815037614769405,
    0.13418284948501322,
    0.13348619122472075,
    0.13461795594129297,
    0.1301724592016803,
    0.0788070232503944,
    0.07214516132242149,
    0.06550445242060556,
    0.06634763007362683,
    0.06241306414206823,
    0.062059114687144756,
    0.057323721444441214,
    0.053718536781768,
    0.05514121614396572,
    0.05977538331515259,
    0.06427981632037295,
    0.06098406306571431,
    0.057322144508361816,
    0.05559938069846895,
    0.05555393567515744,
    0.052875944723685585,
    0.06356481969770458,
    0.06457431966231929,
    0.06539159785542223,
    0.0638989820662472,
    0.05946317066748937,
    0.06047890428453684,
    0.06785744366546471,
    0.07379628769639465,
    0.08744100077698629,
    0.09336554217669699,
    0.09824185218248102,
    0.10442499381800492,
    0.11046180894805326,
    0.11361320513404077,
    0.11982264566338724,
    0.12339331965065664,
    0.12615764523959822,
    0.13787748819837967,
    0.14330942494173846,
    0.14864803509165844
  ],
  "lr": [
    0.001,
    0.001,
    0.001,
    0.001,
    0.001,
    0.001,
    0.001,
    0.001,
    0.001,
    0.001,
    0.001,
    0.001,
    0.0005,
    0.0005,
    0.0005,
    0.0005,
    0.0005,
    0.0005,
    0.0005,
    0.0005,
    0.0005,
    0.0005,
    0.0005,
    0.0005,
    0.0005,
    0.0005,
    0.0005,
    0.0005,
    0.0005,
    0.0005,
    0.0005,
    0.0005,
    0.0005,
    0.0005,
    0.0005,
    0.0005,
    0.0005,
    0.00025,
    0.00025,
    0.00025,
    0.00025,
    0.00025,
    0.00025,
    0.00025,
    0.00025,
    0.00025,
    0.00025
  ]
}