{
  "train_loss": [
    0.15043748777366225,
    0.0332701406969866,
    0.014218006510593089,
    0.007322110092660728,
    0.0056993950281883825,
    0.004621484867877361,
    0.0038265943735265816,
    0.00355174997740183,
    0.0032200507013481535,
    0.0029342100869402627,
    0.0028289947756297926,
    0.0025844712128918,
    0.002643021067399629,
    0.0025501026468023164,
    0.002453465690839561,
    0.0024413217580755344,
    0.002357942791717423,
    0.002447759079215414,
    0.0023127835321956904,
    0.002400729512669029,
    0.0021590011139086614,
    0.0021147972190619347,
    0.0021941529076552934,
    0.002011078456985597,
    0.002087863295438194,
    0.0020342916380256468,
    0.00199877886169868,
    0.0021155952406075196,
    0.0020178881511222213,
    0.0020550102431060547,
    0.002081984104702402,
    0.0018967756380637486,
    0.0019246605119259985,
    0.002280041507167342,
    0.0019205085783676743,
    0.0019592704254659267,
    0.002002792026568042,
    0.0018315012217296148,
    0.0018899011544324133,
    0.0019092153933347833,
    0.001920137560908499,
    0.0018504049960543349,
    0.0018958231762545687,
    0.0018486692578276623,
    0.0018917859725355061,
    0.0018002934571856187,
    0.0018324517396264052,
    0.001811979878141202,
    0.0018932488641293676,
    0.0018789765553428657
  ],
  "val_loss": [
    0.008936916684938801,
    0.010338706274827322,
    0.005513144036134084,
    0.0037169632657120624,
    0.0034144812573989234,
    0.0033176811411976814,
    0.003196902728329102,
    0.003219098007927338,
    0.00328026347172757,
    0.003283448051661253,
    0.003346854342251188,
    0.0032585600468640528,
    0.003228391468938854,
    0.003319815085786912,
    0.0034309252449828717,
    0.003321930714365509,
    0.003382400105086466,
    0.0034147864336975748,
    0.0034010212920192215,
    0.0033074311084217494,
    0.0031829175487574604,
    0.0032270759758022097,
    0.003189361473131511,
    0.0032237879931926727,
    0.003189363879048162,
    0.0032267976138326856,
    0.0032282089814543724,
    0.003217288680995504,
    0.0032014823518693447,
    0.0032699817481140294,
    0.0032050317774216333,
    0.0031985679848326575,
    0.003192095939690868,
    0.0031582417173518073,
    0.0031897741007722085,
    0.003190763863838381,
    0.0031782032714949716,
    0.003182002550197972,
    0.0031692021681616702,
    0.0031710585527535942,
    0.003211593229530586,
    0.0032022836514645154,
    0.0031735997440086473,
    0.003212923623828424,
    0.0031878117523673507,
    0.0031786998733878136,
    0.003184334400834309,
    0.003183413736729158,
    0.003172069192967481,
    0.003168105898011062
  ],
  "lr": [
    0.001,
    0.001,
    0.001,
    0.001,
    0.001,
    0.001,
    0.001,
    0.001,
    0.001,
    0.001,
    0.001,
    0.001,
    0.001,
    0.001,
    0.001,
    0.001,
    0.001,
    0.0005,
    0.0005,
    0.0005,
    0.0005,
    0.0005,
    0.0005,
    0.0005,
    0.0005,
    0.0005,
    0.0005,
    0.0005,
    0.0005,
    0.0005,
    0.0005,
    0.00025,
    0.00025,
    0.00025,
    0.00025,
    0.00025,
    0.00025,
    0.00025,
    0.00025,
    0.00025,
    0.00025,
    0.00025,
    0.00025,
    0.00025,
    0.000125,
    0.000125,
    0.000125,
    0.000125,
    0.000125,
    0.000125
  ]
}