{
  "train_loss": [
    0.1940748025817605,
    0.04023075447032589,
    0.015511200378078441,
    0.008314343101067068,
    0.005786132776092277,
    0.004142514477121476,
    0.0033643695397422785,
    0.0034599846154191316,
    0.0030553031446213914,
    0.0027831420042335885,
    0.0032405406171634767,
    0.003261156906788262,
    0.0031732746755889574,
    0.004215787433048818,
    0.0027701837867238344,
    0.002567385263207903,
    0.0023856026170869563,
    0.0024950992394024165,
    0.002316399277504826,
    0.002278820180820129,
    0.0022491168874408563,
    0.002420930825758979,
    0.002190547957886368,
    0.0021398595711427625,
    0.002204660813845889,
    0.002570196323057744,
    0.0020927555800576486,
    0.00215554706765303,
    0.0021723797236021486,
    0.002224876231678077,
    0.0020953239206660274,
    0.002057137227833375,
    0.0020747054855860965,
    0.002088699476829166,
    0.0020803585193440136,
    0.0023894264747959157,
    0.0020890007247371407,
    0.0020387416890778466,
    0.0020056764707359342,
    0.0020449928204686646,
    0.0024913862984738007,
    0.0021221083580771458,
    0.0020907566920052856,
    0.0020499641065978257,
    0.002019302350636344,
    0.00198163632400997,
    0.001977537880549256,
    0.002237684169806943,
    0.002112999301644312,
    0.001988284582398949
  ],
  "val_loss": [
    0.01222384948697355,
    0.005159532289124197,
    0.004418161490725147,
    0.003454079618677497,
    0.0034408672040121425,
    0.003077187342569232,
    0.002927829045802355,
    0.0030279739294201136,
    0.0029421678175114924,
    0.0029408257558114,
    0.00282287393282685,
    0.0027999714948236942,
    0.002899367491611176,
    0.0031962081169088683,
    0.002867786679416895,
    0.0028099574459095797,
    0.0027047415626131827,
    0.002626345324743953,
    0.002643242555980881,
    0.0026277269805885023,
    0.0026593432606508336,
    0.002637661670127677,
    0.002627089425610999,
    0.0026084446193029485,
    0.0025959291314292285,
    0.002685560870708691,
    0.0026298337357325684,
    0.0026341338202150334,
    0.002607748947209782,
    0.0026434303597650593,
    0.0026262535377302105,
    0.00260253489897069,
    0.0025835819801108707,
    0.00259720962235911,
    0.0026190568330801195,
    0.002692334121093154,
    0.002573768271961146,
    0.002577186756146451,
    0.002581946448319488,
    0.0025655610823175972,
    0.0025546429420097005,
    0.0025568665910719168,
    0.002558960023129152,
    0.002576975462337335,
    0.0025556548627921278,
    0.0025567496583486595,
    0.0025549073212055694,
    0.0025534366335098944,
    0.002562707910935084,
    0.0025778666474959916
  ],
  "lr": [
    0.001,
    0.001,
    0.001,
    0.001,
    0.001,
    0.001,
    0.001,
    0.001,
    0.001,
    0.001,
    0.001,
    0.001,
    0.001,
    0.001,
    0.001,
    0.001,
    0.001,
    0.001,
    0.001,
    0.001,
    0.001,
    0.001,
    0.001,
    0.001,
    0.001,
    0.001,
    0.001,
    0.001,
    0.001,
    0.001,
    0.001,
    0.001,
    0.001,
    0.001,
    0.001,
    0.001,
    0.001,
    0.001,
    0.001,
    0.001,
    0.001,
    0.001,
    0.001,
    0.001,
    0.001,
    0.001,
    0.001,
    0.001,
    0.001,
    0.001
  ]
}