{
  "train_loss": [
    0.1412466970413767,
    0.039352340431945694,
    0.018397131463412007,
    0.008071648590851828,
    0.005012487501790178,
    0.003959216086444222,
    0.0031259217564452175,
    0.00347785629579118,
    0.0028165002169825435,
    0.0027452108838691347,
    0.0026015162689003437,
    0.002510551623284921,
    0.0021994203771180092,
    0.0021327084083155603,
    0.0022229802767123642,
    0.00214043432557354,
    0.0020468741603338696,
    0.0020832567236810456,
    0.002006343274944532,
    0.0019289901151759046,
    0.0019421186980776762,
    0.001962185981984122,
    0.0019690950139446823,
    0.0019498494328576649,
    0.00178643554956189,
    0.0018376699806455959,
    0.001848109443566354,
    0.0018358788929268535,
    0.0017851878828767291,
    0.0017945230312736455,
    0.0017426035498605348,
    0.0017976907210304268,
    0.0017771229772043477,
    0.001751988960420274,
    0.0017618664733766469,
    0.0017712135225482427,
    0.001714703134451237,
    0.0019662076994178598,
    0.0017324518672406778,
    0.0017564379289928323,
    0.0017517189678929448,
    0.001704007900770214,
    0.0019127810325141976,
    0.0016717408730097466,
    0.0016718274356234968,
    0.0018613431277647485,
    0.0017077584131693965,
    0.001673641980318499,
    0.001684018038538322,
    0.0016540199791261663
  ],
  "val_loss": [
    0.012766454989711443,
    0.006636561463690466,
    0.004701844675259458,
    0.004261294974842005,
    0.00420724898059335,
    0.0037651125134693254,
    0.003970816214051511,
    0.0043665980402794145,
    0.0041245796665963196,
    0.0039685663974119555,
    0.00391068684661554,
    0.0037355701853003767,
    0.003757603233680129,
    0.0038418605302770934,
    0.003771142853010032,
    0.00396150578227308,
    0.0039028695836249325,
    0.003965038133578168,
    0.003916699491027329,
    0.003867307755475243,
    0.00391058898013499,
    0.004218128173508578,
    0.004009959443161885,
    0.0036368016412274707,
    0.0035978741685135495,
    0.0036454144347873,
    0.003657074205370413,
    0.0035941335113926064,
    0.0035770892993443543,
    0.003669638316043549,
    0.003689597929931349,
    0.0036659350411759484,
    0.0036514355128424037,
    0.0036594488192349672,
    0.0036999582985623013,
    0.003653454076912668,
    0.0036559116560965776,
    0.003666294091898534,
    0.0037308692569947904,
    0.0037491496186703444,
    0.003551492519262764,
    0.003657344728708267,
    0.0035767886891133254,
    0.0036327619778199326,
    0.0036094137984845373,
    0.0036653426424082783,
    0.003614795342501667,
    0.0036496922580732238,
    0.003587384164954225,
    0.0036105180883573163
  ],
  "lr": [
    0.001,
    0.001,
    0.001,
    0.001,
    0.001,
    0.001,
    0.001,
    0.001,
    0.001,
    0.001,
    0.001,
    0.001,
    0.001,
    0.001,
    0.001,
    0.001,
    0.001,
    0.001,
    0.001,
    0.001,
    0.001,
    0.001,
    0.0005,
    0.0005,
    0.0005,
    0.0005,
    0.0005,
    0.0005,
    0.0005,
    0.0005,
    0.0005,
    0.0005,
    0.0005,
    0.0005,
    0.0005,
    0.0005,
    0.0005,
    0.0005,
    0.0005,
    0.00025,
    0.00025,
    0.00025,
    0.00025,
    0.00025,
    0.00025,
    0.00025,
    0.00025,
    0.00025,
    0.00025,
    0.00025
  ]
}