{
  "train_loss": [
    0.17863996053865444,
    0.03469654673265121,
    0.013510169965226405,
    0.006581650406486285,
    0.004247689421368311,
    0.0033447281189301877,
    0.003497094507564841,
    0.002649307686568971,
    0.0020896776775987153,
    0.002726305198138921,
    0.0021565194659416173,
    0.0017703269164599674,
    0.0016207006803825887,
    0.0015219852659870818,
    0.001520610786649361,
    0.00149883537912452,
    0.001372532935302711,
    0.0013351815006651803,
    0.0013167074772595943,
    0.0013025845214074403,
    0.0012229292785153963,
    0.0012180655690829999,
    0.0012309973633622207,
    0.001204562763542093,
    0.0011501835438099415,
    0.0011223099189591034,
    0.0011827439885671019,
    0.001083430686208174,
    0.0011052262658874195,
    0.001123451026413349,
    0.0010854858290696644,
    0.0011112805078843085,
    0.0010247294763411944,
    0.0010537734014643633,
    0.0009890887301161652,
    0.000997954805627023,
    0.001004174821416849,
    0.0010104188598029275,
    0.0009932366490728152,
    0.0009666539754647027,
    0.001007021633976417,
    0.0012711424016463612,
    0.001164048364025136,
    0.0010152999783035557,
    0.0010205393715600694,
    0.0010336593872693613,
    0.0009725962230776409,
    0.0014115838841071927,
    0.0011157780433850555,
    0.0009755500239591532
  ],
  "val_loss": [
    0.010713871361480819,
    0.002582965884357691,
    0.0018747408563892047,
    0.0015283827669918537,
    0.0013473747660302455,
    0.0013664016991646753,
    0.0011706117204286987,
    0.0012110323942680326,
    0.0011861224969228108,
    0.001269165749868585,
    0.001462496015139752,
    0.0011876172696550686,
    0.0011589023957235946,
    0.0010728146945540276,
    0.0011538683708446722,
    0.0011886744113225075,
    0.001093971678831925,
    0.0011578117717160946,
    0.0011973048741411832,
    0.001120248395535681,
    0.0011130845717464883,
    0.001094875863701519,
    0.001078597386367619,
    0.0010760279255919158,
    0.0010430026450194418,
    0.0011045157249706488,
    0.0010319044425462682,
    0.001066152685477088,
    0.000980247348909163,
    0.0011303091887384653,
    0.0010218046178730826,
    0.0009815397206693888,
    0.0010696581448428333,
    0.0014595139202558333,
    0.0027965889441677267,
    0.003210648441583746,
    0.0009922086222407718,
    0.0009693522588349879,
    0.0017491068251224027,
    0.006859392419250475,
    0.016444213015751705,
    0.001538299826077289,
    0.0010431286193326944,
    0.000999140824812154,
    0.0010528513165708217,
    0.0009989335861367483,
    0.0010805538040585816,
    0.0010665422628840639,
    0.0010097749893450076,
    0.0011023692269292143
  ],
  "lr": [
    0.001,
    0.001,
    0.001,
    0.001,
    0.001,
    0.001,
    0.001,
    0.001,
    0.001,
    0.001,
    0.001,
    0.001,
    0.001,
    0.001,
    0.001,
    0.001,
    0.001,
    0.001,
    0.001,
    0.001,
    0.001,
    0.001,
    0.001,
    0.001,
    0.001,
    0.001,
    0.001,
    0.001,
    0.001,
    0.001,
    0.001,
    0.001,
    0.001,
    0.001,
    0.001,
    0.001,
    0.001,
    0.001,
    0.001,
    0.001,
    0.001,
    0.001,
    0.001,
    0.001,
    0.001,
    0.001,
    0.001,
    0.001,
    0.0005,
    0.0005
  ]
}