{
  "train_loss": [
    0.1973781548245415,
    0.053705112992364905,
    0.02630259073217502,
    0.013736838757679724,
    0.009180083298766384,
    0.007550596748763146,
    0.005999484838979614,
    0.0053747782246396595,
    0.005318320780524409,
    0.005028338481982549,
    0.004903499102041151,
    0.004810152526613306,
    0.004718588843915683,
    0.004663782548581951,
    0.004527809332412575,
    0.004849729848209684,
    0.00453229233245471,
    0.004800057623788948,
    0.0046933047525441664,
    0.004626337048739039,
    0.004557197689229906,
    0.004633023870058916,
    0.004432201658555975,
    0.004660968351816632,
    0.004414240834522622,
    0.00436362986945357,
    0.004463309542410869,
    0.004328042145226846,
    0.0036087018871650647,
    0.003566003506954428,
    0.00358052740611435,
    0.003460530718271645,
    0.0037228421813582458,
    0.003489705956627145,
    0.0034712281591709163,
    0.0035324057736425916,
    0.00349422978858153
  ],
  "val_loss": [
    0.016744779008958075,
    0.012514495083855258,
    0.011760805733501911,
    0.009406339739345841,
    0.008075423021283414,
    0.008469488937407732,
    0.008239468507882621,
    0.008179968326456018,
    0.008138912522958385,
    0.008120603135062588,
    0.008116480946126912,
    0.008052452674342526,
    0.008070538182639413,
    0.008136733745535215,
    0.008158129691663716,
    0.008106044804056486,
    0.007916130798144473,
    0.008118686007542742,
    0.008141016432394585,
    0.008067904609358974,
    0.008076087571680546,
    0.008166333608743217,
    0.008060084914581643,
    0.007990480193661319,
    0.007994761587017112,
    0.00797088092399968,
    0.008025094194130765,
    0.008073035368902816,
    0.008076098281890154,
    0.007946103966484467,
    0.007960454198635288,
    0.007999641820788383,
    0.007973800102869669,
    0.008021538714981742,
    0.0080122417356405,
    0.007987328753289249,
    0.008038589730858803
  ],
  "lr": [
    0.001,
    0.001,
    0.001,
    0.001,
    0.001,
    0.001,
    0.001,
    0.001,
    0.001,
    0.001,
    0.001,
    0.001,
    0.001,
    0.001,
    0.001,
    0.001,
    0.001,
    0.001,
    0.001,
    0.001,
    0.001,
    0.001,
    0.001,
    0.001,
    0.001,
    0.001,
    0.001,
    0.0005,
    0.0005,
    0.0005,
    0.0005,
    0.0005,
    0.0005,
    0.0005,
    0.0005,
    0.0005,
    0.0005
  ]
}