{
  "train_loss": [
    0.15369238674536634,
    0.03775981250649763,
    0.015692243453303764,
    0.0073283230967130545,
    0.004715674132576788,
    0.0034309480384798366,
    0.002986049906953675,
    0.002836109638006067,
    0.0024937041701966764,
    0.0026129920809264792,
    0.002314521718191643,
    0.00223157651085296,
    0.0024104201239753143,
    0.0025351033667931383,
    0.002257909612765903,
    0.001974522248300582,
    0.0019551496270127323,
    0.0018508786280325778,
    0.0018295347658075379,
    0.0017251491572636377,
    0.0017456397524730906,
    0.001747293999161812,
    0.0017299139725912304,
    0.0016244798086024496,
    0.0016082201744665441,
    0.0017845911732882937,
    0.0019584398450131608,
    0.0016960253610712904,
    0.0016216983267774133,
    0.0016232195715005485,
    0.0016261853901815664,
    0.0015606962722997599,
    0.001529063632871052,
    0.001555747698738937,
    0.0015394797330855491,
    0.0014930894406574144,
    0.0015237814702912776,
    0.0015586133311660294,
    0.0015122506110872066,
    0.0015721245787478659,
    0.0015051064307412968,
    0.0014684495026892602,
    0.0015108937748673698,
    0.001471991210291731,
    0.001677011840214488,
    0.0015478648999494617,
    0.001534991463675549,
    0.0015589935253219871,
    0.0015018387952816215,
    0.0014619300171186786
  ],
  "val_loss": [
    0.007507953585849868,
    0.004544066782626841,
    0.002679206806028055,
    0.0024220069689262244,
    0.0025911970684925714,
    0.0024964643073164755,
    0.0023792324354872108,
    0.002311360776527888,
    0.0023233071616333392,
    0.002373088190021614,
    0.0024682878801185223,
    0.002484943989353875,
    0.0026491154502663347,
    0.0026739266080160937,
    0.0024157670041960147,
    0.0024033398108763825,
    0.002394437104360097,
    0.00246655378335466,
    0.0023756699067436987,
    0.0023088324944385225,
    0.002358904263625542,
    0.0023838167932505407,
    0.0023112292013441524,
    0.0023143221106794146,
    0.0022938079330035383,
    0.002302000583666894,
    0.002307200442171759,
    0.0023260064707655045,
    0.0023340980858645504,
    0.002352379171902107,
    0.0022865759286408625,
    0.002305025907440318,
    0.0023139892404692042,
    0.0022959123727762038,
    0.0022816245004327763,
    0.002274777675564918,
    0.0022854243353423146,
    0.002290266734133992,
    0.002259555311563114,
    0.0022680547424695557,
    0.002268381313317352,
    0.002277184665823976,
    0.002284677375832366,
    0.0022820347480268944,
    0.002307545432510475,
    0.0022744560329657462,
    0.0022823221257163417,
    0.002274783418720795,
    0.002269389043148193,
    0.0022739796226637233
  ],
  "lr": [
    0.001,
    0.001,
    0.001,
    0.001,
    0.001,
    0.001,
    0.001,
    0.001,
    0.001,
    0.001,
    0.001,
    0.001,
    0.001,
    0.001,
    0.001,
    0.001,
    0.001,
    0.001,
    0.0005,
    0.0005,
    0.0005,
    0.0005,
    0.0005,
    0.0005,
    0.0005,
    0.0005,
    0.0005,
    0.0005,
    0.0005,
    0.0005,
    0.0005,
    0.0005,
    0.0005,
    0.0005,
    0.0005,
    0.0005,
    0.0005,
    0.0005,
    0.0005,
    0.0005,
    0.0005,
    0.0005,
    0.0005,
    0.0005,
    0.0005,
    0.0005,
    0.0005,
    0.0005,
    0.0005,
    0.00025
  ]
}