{
  "train_loss": [
    0.13104567436231576,
    0.03192467984936832,
    0.018179649977991926,
    0.011297346357691767,
    0.0076150670647621155,
    0.006857911121574788,
    0.006705530351889279,
    0.0062040813059186855,
    0.006165003043194716,
    0.006016605772585145,
    0.0058979194994892336,
    0.005973845245690454,
    0.00581364478610365,
    0.0056067098023119604,
    0.005118267880476374,
    0.00483310960532275,
    0.004860726814151435,
    0.004837257576290433,
    0.004807459170983724,
    0.004797204005910672,
    0.004897447709273709,
    0.004804553363283683
  ],
  "val_loss": [
    0.015193771777881516,
    0.00921437299499909,
    0.010094922967255116,
    0.011235026642680168,
    0.009773128769463964,
    0.009600567320982615,
    0.010490673904617628,
    0.010413714063664278,
    0.010628872447543673,
    0.010885603932870759,
    0.010570089125798808,
    0.010587463362349404,
    0.010860220218698183,
    0.009864110189179579,
    0.010211066860291693,
    0.010198082878357835,
    0.010655126948323514,
    0.010261084987885423,
    0.010586948237485357,
    0.010095899510714743,
    0.010473420119120015,
    0.010163819934758875
  ],
  "lr": [
    0.001,
    0.001,
    0.001,
    0.001,
    0.001,
    0.001,
    0.001,
    0.001,
    0.001,
    0.001,
    0.001,
    0.001,
    0.0005,
    0.0005,
    0.0005,
    0.0005,
    0.0005,
    0.0005,
    0.0005,
    0.0005,
    0.0005,
    0.0005
  ]
}