{
  "train_loss": [
    0.15583829771577792,
    0.04172516285228896,
    0.01857631384390187,
    0.007300010110279236,
    0.004203310824709621,
    0.0031585126699161365,
    0.00277996931166549,
    0.002567104429630709,
    0.002513296050499039,
    0.002185525005296471,
    0.0021556178969290452,
    0.002033850984293545,
    0.0019357603036816416,
    0.001823994804037179,
    0.0017638308586094393,
    0.0017872923728319155,
    0.0016436511049303917,
    0.0016052205388614644,
    0.0015552087181473695,
    0.0015890994312381453,
    0.0015835347723534385,
    0.0015648734994739761,
    0.0015516372716109581,
    0.0014334989428832269,
    0.001777239745225998,
    0.0015699365021852715,
    0.001508841869692736,
    0.0014717812157426205,
    0.00142814474827228,
    0.0013988996867292007,
    0.001379365068949746,
    0.0014181197694068805,
    0.0014062553829469605,
    0.00132229602221159,
    0.0012929485704470263,
    0.0013838757567406742,
    0.0013091032804488927,
    0.0012549374506111545,
    0.0012534148682292426,
    0.0012686848981764303,
    0.0012619632457173307,
    0.001270690455018538,
    0.0012375371462387565,
    0.0012165256621507867,
    0.001265854480469934,
    0.0012282035159138901,
    0.0012546152780141299,
    0.0012394639413095166,
    0.0012543216627253703,
    0.0012416203423398328
  ],
  "val_loss": [
    0.013805592950019572,
    0.01457350007775757,
    0.012692056648019288,
    0.011809489741507504,
    0.01191195985302329,
    0.011458801726500193,
    0.011511688948505454,
    0.011780441738665104,
    0.011408450444125466,
    0.011993157832572857,
    0.01159588728720943,
    0.012132573562363783,
    0.011936371369908253,
    0.01220675754464335,
    0.01202175398874614,
    0.011797176311827369,
    0.012097633650733365,
    0.011647073086351156,
    0.012199573425783051,
    0.011987699868364466,
    0.010523213875583477,
    0.010075376576019658,
    0.010213522809661098,
    0.010289152230446538,
    0.010268967546936538,
    0.01031256226512293,
    0.01035307984178265,
    0.010491006257426407,
    0.01037552210295366,
    0.010499430716865592,
    0.010594499426790409,
    0.01055570906545553,
    0.010558309188733498,
    0.009971690002000995,
    0.010291276215058234,
    0.010099874524813559,
    0.01016942036545111,
    0.010155253836678134,
    0.010222461255681183,
    0.010117352086429795,
    0.010245327604934573,
    0.009940709065025052,
    0.010122782628362378,
    0.010154524171310995,
    0.010004834556538198,
    0.010360182211216953,
    0.010206909074137608,
    0.010134326837336024,
    0.01015445709021555,
    0.010147020194886459
  ],
  "lr": [
    0.001,
    0.001,
    0.001,
    0.001,
    0.001,
    0.001,
    0.001,
    0.001,
    0.001,
    0.001,
    0.001,
    0.001,
    0.001,
    0.001,
    0.001,
    0.001,
    0.001,
    0.001,
    0.001,
    0.0005,
    0.0005,
    0.0005,
    0.0005,
    0.0005,
    0.0005,
    0.0005,
    0.0005,
    0.0005,
    0.0005,
    0.0005,
    0.0005,
    0.0005,
    0.00025,
    0.00025,
    0.00025,
    0.00025,
    0.00025,
    0.00025,
    0.00025,
    0.00025,
    0.00025,
    0.00025,
    0.00025,
    0.00025,
    0.00025,
    0.00025,
    0.00025,
    0.00025,
    0.00025,
    0.00025
  ]
}