{
  "train_loss": [
    0.1673474499068335,
    0.040805968730653557,
    0.015971328939650902,
    0.008602454530214972,
    0.004462175279283607,
    0.0034151048794466786,
    0.002640189703742455,
    0.002307392624296235,
    0.002049541500694465,
    0.0020184673134881165,
    0.0018560268817043638,
    0.0017312840277403853,
    0.00169574652016683,
    0.001571261608423779,
    0.0015415086705127103,
    0.001464817806246185,
    0.0014078905334595402,
    0.0014545478147778004,
    0.0013787229017177384,
    0.001257004310583361,
    0.0013390343220186067,
    0.0014252215526334901,
    0.0013073939752048223,
    0.0014894015560443488,
    0.0013038620879356774,
    0.0012391546048731079,
    0.0012500035474125627,
    0.0011892406136629677,
    0.0012504114081878313,
    0.0011776425041921477,
    0.0011897961987770874,
    0.0011662400179716513,
    0.0011503261401859253,
    0.0011424749478515738,
    0.0011642802422167327,
    0.0011861566031582484,
    0.0010381328676669593,
    0.0010225909988007412,
    0.0011208814537936064,
    0.0010587973341371793,
    0.0010577679577610255,
    0.0009995287277753649,
    0.0010373607573682933,
    0.0010308538552172104,
    0.001034702042712591,
    0.001069053183480395,
    0.001036438258790637,
    0.0010423624000624211,
    0.0010115260186801822,
    0.0014667194677975164
  ],
  "val_loss": [
    0.004954239715718561,
    0.002556553343310952,
    0.0020325646683987644,
    0.001651104280932082,
    0.001578387338668108,
    0.0013247615942317578,
    0.0015418625876514448,
    0.0016002922655186718,
    0.0014986163393283884,
    0.001700311019602749,
    0.0017890939489006996,
    0.0018209887461529837,
    0.0015478902884448569,
    0.0018108857329934835,
    0.002021362539380789,
    0.001635731120283405,
    0.0017504338175058365,
    0.0014645531385516126,
    0.0013335217049138413,
    0.0013734432480608423,
    0.0013636052867190705,
    0.001398453760581712,
    0.0013256921795093352,
    0.0013090275331503814,
    0.0013280835054400894,
    0.001345634447514183,
    0.0013344007958140639,
    0.001350582719573544,
    0.0013682597394411762,
    0.0013840985484421253,
    0.0013861550121671623,
    0.001423230782772104,
    0.00137410134387513,
    0.0015073625577820672,
    0.001473089977581468,
    0.0012663604963260393,
    0.0013212969966439737,
    0.0013341569445199436,
    0.001318991404130227,
    0.0012900185797156559,
    0.001357915216229028,
    0.0013311378036936123,
    0.0013094351161271334,
    0.0013263407422022687,
    0.0013183653742695849,
    0.0012921805933324827,
    0.0013375072481317653,
    0.0013212968026184374,
    0.0012935307264948885,
    0.0013415207827670707
  ],
  "lr": [
    0.001,
    0.001,
    0.001,
    0.001,
    0.001,
    0.001,
    0.001,
    0.001,
    0.001,
    0.001,
    0.001,
    0.001,
    0.001,
    0.001,
    0.001,
    0.001,
    0.0005,
    0.0005,
    0.0005,
    0.0005,
    0.0005,
    0.0005,
    0.0005,
    0.0005,
    0.0005,
    0.0005,
    0.0005,
    0.0005,
    0.0005,
    0.0005,
    0.0005,
    0.0005,
    0.0005,
    0.0005,
    0.00025,
    0.00025,
    0.00025,
    0.00025,
    0.00025,
    0.00025,
    0.00025,
    0.00025,
    0.00025,
    0.00025,
    0.00025,
    0.00025,
    0.000125,
    0.000125,
    0.000125,
    0.000125
  ]
}