{
  "train_loss": [
    0.14875344123307738,
    0.04475265418879857,
    0.016586332082956456,
    0.0077135545473032184,
    0.006249765607074917,
    0.004111552685759246,
    0.0033887271585680842,
    0.0039817744680724215,
    0.0035420886873158692,
    0.0030409882452995573,
    0.0030841019271139907,
    0.003190825662427756,
    0.002640895220413674,
    0.0023367226604911876,
    0.0030880957113718697,
    0.0025759804246209264,
    0.00238766443849026,
    0.0022227870589723556,
    0.0020608812258505697,
    0.0018893503250772001,
    0.002224356251367308,
    0.001941467484176471,
    0.0020248304116320236,
    0.0019307545862480816,
    0.0019142628723778233,
    0.0018763645482208925,
    0.001857640267224628,
    0.0018935386110974857,
    0.0018018414290787662,
    0.0018284575392802556,
    0.0017375852490074764,
    0.0019082936928014273,
    0.0019110072709711018,
    0.0017873440360419621,
    0.0017831192740335098
  ],
  "val_loss": [
    0.1388431443936295,
    0.08486021403223276,
    0.06072141654375526,
    0.060391446834223136,
    0.05827982837541236,
    0.061466264745427504,
    0.06001884790344371,
    0.057036750535998076,
    0.056136442400101155,
    0.05742866007818116,
    0.059575748060726456,
    0.06366209846196903,
    0.06390831345278356,
    0.06347433312071694,
    0.05193635614381896,
    0.0522749449333383,
    0.053930485931535564,
    0.05515581757451097,
    0.05797243071720004,
    0.0562243366924425,
    0.060872872825711966,
    0.06496454154451688,
    0.06073885436894165,
    0.05909109990009003,
    0.058304965392582946,
    0.05947012847496404,
    0.05925742578175333,
    0.0602471195678744,
    0.06014356415511833,
    0.06035531871020794,
    0.059428729893018804,
    0.05887494582889809,
    0.05419716896075341,
    0.05357747638805045,
    0.05395345198404458
  ],
  "lr": [
    0.001,
    0.001,
    0.001,
    0.001,
    0.001,
    0.001,
    0.001,
    0.001,
    0.001,
    0.001,
    0.001,
    0.001,
    0.001,
    0.001,
    0.001,
    0.001,
    0.001,
    0.001,
    0.001,
    0.001,
    0.001,
    0.001,
    0.001,
    0.001,
    0.001,
    0.0005,
    0.0005,
    0.0005,
    0.0005,
    0.0005,
    0.0005,
    0.0005,
    0.0005,
    0.0005,
    0.0005
  ]
}