{
  "train_loss": [
    0.16303976397655814,
    0.04352379760609039,
    0.017037458652809236,
    0.009419946250283074,
    0.006902375055337243,
    0.0055810954636304165,
    0.0048002498858262105,
    0.004315368512590102,
    0.0042546602586905164,
    0.004019409203560565,
    0.0039659584197906505,
    0.004166071639635176,
    0.010479394274960429,
    0.004022364782569296,
    0.004085487798246414,
    0.0038242616461521667,
    0.0038635512817176434,
    0.003832337496896481,
    0.0035897070317680298,
    0.0036058440238861513,
    0.003872950091619974,
    0.0037370970794511713,
    0.0036728971005526305,
    0.0036224444668226424,
    0.003597079651075924,
    0.0030569976283461634,
    0.0028865216251131127,
    0.0029003029659936566,
    0.0029468680626304777,
    0.0029716907754982536,
    0.002937855650825234,
    0.0028559187277631404,
    0.0029497557639893645,
    0.0031267116837736617,
    0.0028806157234607566,
    0.0028881488000587225,
    0.0029380763986555903,
    0.002857137074853321,
    0.0026936407833251237,
    0.0026867822280729004,
    0.002744987548489845,
    0.002692974437463762,
    0.0025715346043412596,
    0.0026223858945188722,
    0.0026510617310542086,
    0.0026746109114995594,
    0.00264909718816297
  ],
  "val_loss": [
    0.01676894672628906,
    0.012592323641810153,
    0.00932390315251218,
    0.009568710397515032,
    0.009811901487410069,
    0.009173959131456084,
    0.00933857924408383,
    0.009209738087116016,
    0.009356752400183015,
    0.00919480368288027,
    0.009355285567127995,
    0.00993986153561208,
    0.00965961441397667,
    0.009167171807752715,
    0.009479749637345472,
    0.009423410778658258,
    0.009357491275295615,
    0.009515971411019564,
    0.1622370815732413,
    0.40255622984841466,
    0.00944273727428582,
    0.009436883808424076,
    0.009353155761750208,
    0.009353023539814685,
    0.009420206563340293,
    0.009246255892018477,
    0.009057033677688904,
    0.13424486488414308,
    0.3690195559886181,
    0.1077312922053453,
    0.3104243377585792,
    0.4107450895632307,
    0.009283423501377305,
    0.00916259947957264,
    0.009242137661203742,
    0.014007966396295361,
    0.3474220898675008,
    0.39579746639356017,
    0.3959211091666172,
    0.3925774700473994,
    0.39514084056847626,
    0.39139767092031735,
    0.3945284475986328,
    0.39561758945799536,
    0.38722285095395315,
    0.41377001545495457,
    0.45029316045757795
  ],
  "lr": [
    0.001,
    0.001,
    0.001,
    0.001,
    0.001,
    0.001,
    0.001,
    0.001,
    0.001,
    0.001,
    0.001,
    0.001,
    0.001,
    0.001,
    0.001,
    0.001,
    0.001,
    0.001,
    0.001,
    0.001,
    0.001,
    0.001,
    0.001,
    0.001,
    0.0005,
    0.0005,
    0.0005,
    0.0005,
    0.0005,
    0.0005,
    0.0005,
    0.0005,
    0.0005,
    0.0005,
    0.0005,
    0.0005,
    0.0005,
    0.00025,
    0.00025,
    0.00025,
    0.00025,
    0.00025,
    0.00025,
    0.00025,
    0.00025,
    0.00025,
    0.00025
  ]
}